<?xml version="1.0" encoding="UTF-8"?>
<project-private xmlns="http://www.netbeans.org/ns/project-private/1">
    <editor-bookmarks xmlns="http://www.netbeans.org/ns/editor-bookmarks/2" lastBookmarkId="0"/>
    <open-files xmlns="http://www.netbeans.org/ns/projectui-open-files/2">
        <group>
            <file>file:/D:/WebServer/src/java/modelo/MenuItem.java</file>
            <file>file:/D:/WebServer/src/conf/MANIFEST.MF</file>
            <file>file:/D:/WebServer/src/java/ws/MenuWS.java</file>
            <file>file:/D:/WebServer/src/java/dao/UsuarioDAO.java</file>
            <file>file:/D:/WebServer/src/java/ws/ApplicationConfig.java</file>
        </group>
    </open-files>
</project-private>
